time_steps,avg_cost,max_avg_cost,min_avg_cost,qval_rmse
0.0,111.316,148.53,57.36,
100000.0,106.2471,150.5,53.37,
200000.0,106.8448,149.5,53.08,
300000.0,108.1738,149.5,53.47,
400000.0,101.8028,141.68,52.3,
500000.0,95.4189,148.51,56.27,
600000.0,97.9034,143.71,39.92,
700000.0,91.7903,144.71,61.26,
800000.0,90.2573,141.71,59.32,
900000.0,89.5231,140.87,46.35,
1000000.0,90.8741,149.51,54.06,
1100000.0,92.5998,145.54,58.12,
1200000.0,86.3108,131.41,52.96,
1300000.0,87.986,143.65,56.08,
1400000.0,87.6109,147.53,53.36,
1500000.0,88.4154,125.13,64.98,
1600000.0,90.13799999999999,144.56,53.92,
1700000.0,85.9131,104.1,52.47,
1800000.0,87.8877,142.86,32.79,
1900000.0,95.4375,151.5,58.18,
2000000.0,83.0399,125.33,52.93,
2100000.0,81.9765,144.61,47.64,
2200000.0,87.7164,149.5,51.62,
2300000.0,76.5629,112.81,54.38,
2400000.0,83.8948,135.44,49.27,
2500000.0,84.1582,145.54,48.01,
2600000.0,78.2894,131.44,49.62,
2700000.0,84.1926,132.29,55.56,
2800000.0,83.4408,132.88,44.6,
2900000.0,74.6023,143.71,46.15,
3000000.0,73.3515,103.38,38.13,
3100000.0,78.7544,101.1,51.17,
3200000.0,77.678,118.57,58.65,
3300000.0,79.6426,120.49,39.97,
3400000.0,78.4291,125.01,38.19,
3500000.0,73.5271,103.27,37.5,
3600000.0,72.173,103.51,40.95,
3700000.0,73.7838,101.12,41.54,
3800000.0,77.2882,137.05,51.27,
3900000.0,79.7924,103.78,45.69,
4000000.0,71.8504,98.18,51.52,
4100000.0,74.1163,102.04,38.68,
4200000.0,71.8161,102.4,42.85,
4300000.0,71.1219,100.66,36.3,
4400000.0,72.5514,102.13,51.53,
4500000.0,68.1508,100.82,43.57,
4600000.0,68.596,104.64,45.23,
4700000.0,71.3206,99.87,40.67,
4800000.0,68.6667,100.0,43.11,
4900000.0,80.4894,103.94,47.67,
5000000.0,70.9364,99.83,33.21,
5100000.0,74.056,116.46,48.06,
5200000.0,73.3965,100.19,36.23,
5300000.0,63.7865,104.42,39.96,
5400000.0,66.4139,103.78,34.82,
5500000.0,70.3961,101.85,41.39,
5600000.0,63.2135,97.33,33.2,
5700000.0,71.0072,130.73,45.31,
5800000.0,65.5597,104.43,40.88,
5900000.0,65.09100000000001,99.16,43.69,
6000000.0,66.1223,96.03,41.65,
6100000.0,70.5326,114.41,41.16,
6200000.0,65.7986,100.21,32.66,
6300000.0,64.1288,98.02,29.81,
6400000.0,68.0613,96.1,36.29,
6500000.0,70.5054,127.9,42.5,
6600000.0,65.6139,96.83,41.34,
6700000.0,59.2552,113.8,32.28,
6800000.0,67.3649,141.79,29.32,
6900000.0,63.7764,97.41,31.18,
7000000.0,59.0924,90.55,38.15,
7100000.0,66.8343,130.6,38.48,
7200000.0,68.2488,100.8,43.08,
7300000.0,65.955,96.27,40.56,
7400000.0,69.1582,101.0,42.75,
7500000.0,67.4776,102.41,39.68,
7600000.0,70.4876,126.02,47.01,
7700000.0,70.5419,145.57,40.82,
7800000.0,64.8097,82.76,39.91,
7900000.0,69.7492,141.64,43.34,
8000000.0,69.1875,101.19,39.21,
8100000.0,72.3609,101.26,49.64,
8200000.0,63.265,102.33,36.14,
8300000.0,63.6868,103.13,36.19,
8400000.0,63.7248,103.92,38.86,
8500000.0,66.4204,100.52,31.05,
8600000.0,64.3379,89.52,44.8,
8700000.0,71.4039,133.57,43.11,
8800000.0,67.3031,100.24,45.55,
8900000.0,71.4024,116.59,40.21,
9000000.0,70.1336,142.68,35.02,
9100000.0,62.8891,81.59,43.42,
9200000.0,61.7271,101.11,38.74,
9300000.0,62.0676,90.09,27.1,
9400000.0,65.7968,135.02,32.79,
9500000.0,67.459,98.59,41.67,
9600000.0,62.6232,97.03,34.19,
9700000.0,67.9999,97.8,39.3,
9800000.0,65.6281,95.15,36.64,
9900000.0,64.9649,85.4,39.57,
10000000.0,63.736000000000004,82.13,27.19,
10100000.0,65.8546,97.86,36.39,
10200000.0,61.5612,88.78,30.39,
10300000.0,65.0469,96.91,30.57,
10400000.0,59.7849,87.0,34.81,
10500000.0,60.0602,77.74,26.58,
10600000.0,66.6246,103.31,46.58,
10700000.0,63.6661,95.09,36.96,
10800000.0,64.7935,99.36,35.31,
10900000.0,59.4255,99.79,35.87,
11000000.0,65.2756,99.76,29.98,
11100000.0,65.3544,101.55,35.24,
11200000.0,56.3739,92.92,31.05,
11300000.0,62.8235,97.03,41.61,
11400000.0,58.6117,101.0,28.06,
11500000.0,57.0941,75.23,23.77,
11600000.0,61.6879,95.77,36.91,
11700000.0,59.0962,99.67,31.79,
11800000.0,55.6787,87.91,36.78,
11900000.0,57.83,89.55,24.99,
12000000.0,56.1889,88.22,28.59,
12100000.0,55.2732,99.04,37.61,
12200000.0,57.9015,98.24,25.97,
12300000.0,59.9857,103.0,25.01,
12400000.0,53.6037,94.93,27.28,
12500000.0,56.0727,98.03,33.14,
12600000.0,57.2005,99.84,30.98,
12700000.0,55.8022,90.99,35.16,
12800000.0,56.0533,78.38,31.35,
12900000.0,55.2771,95.21,29.47,
13000000.0,49.9919,85.14,25.98,
13100000.0,60.143,97.39,34.47,
13200000.0,56.8419,91.38,34.55,
13300000.0,55.7868,102.09,33.14,
13400000.0,57.9348,102.17,23.41,
13500000.0,55.3176,85.08,34.67,
13600000.0,53.1464,76.25,37.25,
13700000.0,58.8091,89.27,35.6,
13800000.0,62.9635,102.69,32.77,
13900000.0,60.8003,101.4,32.22,
14000000.0,58.4931,102.13,29.88,
14100000.0,54.596000000000004,81.41,34.45,
14200000.0,61.3845,98.33,31.07,
14300000.0,53.1426,78.34,33.65,
14400000.0,59.0915,101.08,23.43,
14500000.0,55.7546,100.52,31.0,
14600000.0,54.3428,73.82,30.26,
14700000.0,55.9705,75.12,36.17,
14800000.0,56.7186,99.31,32.01,
14900000.0,58.9537,91.81,32.25,
15000000.0,62.9845,89.22,32.44,
15100000.0,55.3489,101.45,22.89,
15200000.0,58.5926,101.37,28.94,
15300000.0,55.0614,78.77,33.86,
15400000.0,61.5926,104.42,26.68,
15500000.0,57.9491,92.2,29.58,
15600000.0,60.8271,103.97,27.73,
15700000.0,54.4066,96.94,30.25,
15800000.0,57.3328,96.91,32.47,
15900000.0,52.64,92.56,32.34,
16000000.0,54.7005,95.1,16.64,
16100000.0,52.2214,101.18,26.93,
16200000.0,57.0007,102.46,26.33,
16300000.0,56.7383,104.67,30.52,
16400000.0,54.868,90.17,15.65,
16500000.0,50.8446,74.73,32.55,
16600000.0,51.637,99.14,27.26,
16700000.0,53.5291,90.68,32.05,
16800000.0,54.3919,91.04,32.75,
16900000.0,52.3184,81.41,33.04,
17000000.0,54.6219,94.01,30.14,
17100000.0,53.7113,89.12,24.1,
17200000.0,52.9836,98.41,27.38,
17300000.0,50.6207,98.14,24.98,
17400000.0,50.5819,68.24,28.1,
17500000.0,55.0338,95.89,28.07,
17600000.0,52.0485,97.83,27.68,
17700000.0,50.6565,91.99,28.1,
17800000.0,53.6033,87.5,28.89,
17900000.0,48.2311,98.01,10.52,
18000000.0,56.2962,100.19,29.4,
18100000.0,49.1773,88.79,24.21,
18200000.0,55.3338,101.97,31.73,
18300000.0,47.8108,82.69,30.71,
18400000.0,51.2058,69.61,32.05,
18500000.0,54.3942,101.88,33.15,
18600000.0,56.3544,99.8,11.62,
18700000.0,52.0029,98.62,27.17,
18800000.0,53.2226,86.95,35.03,
18900000.0,53.2233,104.38,25.58,
19000000.0,56.0308,102.02,22.32,
19100000.0,50.79600000000001,85.92,31.05,
19200000.0,50.411,76.43,28.64,
19300000.0,53.2883,97.2,29.43,
19400000.0,53.4222,97.96,23.15,
19500000.0,58.63399999999999,102.16,30.93,
19600000.0,57.199,101.44,29.57,
19700000.0,49.9666,73.3,24.26,
19800000.0,50.5775,70.08,31.83,
19900000.0,52.9294,93.04,26.3,
20000000.0,50.5731,72.09,21.28,
20100000.0,52.0441,78.99,21.92,
20200000.0,51.4889,77.28,30.76,
20300000.0,50.1063,82.62,26.58,
20400000.0,51.9612,71.02,32.84,
20500000.0,50.1808,82.39,28.17,
20600000.0,49.4927,84.34,31.35,
20700000.0,53.5917,97.12,28.17,
20800000.0,49.0889,74.86,22.42,
20900000.0,48.6672,67.69,22.9,
21000000.0,52.3372,101.71,27.6,
21100000.0,52.1447,94.09,21.67,
21200000.0,50.7461,99.94,15.4,
21300000.0,52.3899,88.69,34.82,
21400000.0,48.6934,70.37,31.08,
21500000.0,51.7682,94.09,29.41,
21600000.0,49.4464,77.53,28.46,
21700000.0,55.085,104.09,22.33,
21800000.0,50.3596,86.89,14.74,
21900000.0,48.9542,88.58,20.23,
22000000.0,47.8522,75.55,25.49,
22100000.0,49.0932,90.95,25.95,
22200000.0,46.1357,86.97,24.43,
22300000.0,50.7643,97.34,24.2,
22400000.0,56.0919,102.58,25.8,
22500000.0,53.588,103.99,13.22,
22600000.0,47.2963,89.66,16.03,
22700000.0,46.7049,69.67,25.68,
22800000.0,58.2688,103.27,18.43,
22900000.0,48.5763,88.54,13.07,
23000000.0,46.5598,85.45,20.24,
23100000.0,44.4605,76.63,22.99,
23200000.0,45.5604,78.64,27.31,
23300000.0,46.8691,73.8,23.14,
23400000.0,48.5318,77.25,22.9,
23500000.0,48.2671,84.95,10.25,
23600000.0,53.6776,88.78,29.53,
23700000.0,47.0372,68.26,13.13,
23800000.0,48.7027,79.35,25.94,
23900000.0,46.9671,66.44,17.49,
24000000.0,47.8402,71.0,21.53,
24100000.0,48.1536,99.28,20.31,
24200000.0,49.1093,87.13,4.24,
24300000.0,51.6796,102.27,14.86,
24400000.0,48.5646,80.52,16.06,
24500000.0,46.2716,73.87,23.78,
24600000.0,46.9584,75.84,22.47,
24700000.0,46.8071,67.99,4.81,
24800000.0,50.71100000000001,78.33,26.44,
24900000.0,47.5087,76.28,17.02,
25000000.0,45.4761,72.29,20.08,
25100000.0,47.0719,92.16,23.7,
25200000.0,50.4838,101.41,24.15,
25300000.0,51.1021,105.61,25.11,
25400000.0,48.6097,99.6,27.97,
25500000.0,51.0074,77.02,18.81,
25600000.0,46.9795,77.08,19.4,
25700000.0,45.9831,71.12,21.75,
25800000.0,44.7531,79.2,23.11,
25900000.0,45.3615,69.75,12.4,
26000000.0,48.4187,98.03,25.81,
26100000.0,45.8156,69.62,15.17,
26200000.0,44.1847,69.94,21.41,
26300000.0,43.0689,72.04,17.46,
26400000.0,45.1457,76.71,26.37,
26500000.0,49.7038,76.84,29.72,
26600000.0,46.4698,77.3,26.15,
26700000.0,45.2084,88.86,23.32,
26800000.0,44.751999999999995,76.18,18.39,
26900000.0,48.1993,75.76,19.04,
27000000.0,48.1512,77.73,24.02,
27100000.0,51.2453,88.05,4.42,
27200000.0,44.7309,79.83,24.12,
27300000.0,49.8532,98.8,23.52,
27400000.0,45.3906,86.67,22.8,
27500000.0,48.0407,101.19,18.01,
27600000.0,46.115,78.02,27.74,
27700000.0,46.2795,67.75,19.09,
27800000.0,47.4685,76.12,23.2,
27900000.0,44.8571,85.98,19.61,
28000000.0,47.3744,75.0,18.84,
28100000.0,43.6929,73.75,14.4,
28200000.0,44.0673,73.69,25.18,
28300000.0,48.5414,81.18,19.6,
28400000.0,51.2163,83.62,21.88,
28500000.0,49.3766,101.54,25.44,
28600000.0,47.2619,100.13,24.84,
28700000.0,46.5487,101.85,12.64,
28800000.0,43.8543,101.31,24.59,
28900000.0,44.8759,96.11,16.53,
29000000.0,44.88399999999999,100.32,16.44,
29100000.0,51.0538,103.27,3.01,
29200000.0,43.6577,75.59,22.0,
29300000.0,43.4443,77.16,25.12,
29400000.0,43.592,85.92,25.0,
29500000.0,43.7288,91.6,20.11,
29600000.0,49.181999999999995,100.46,19.48,
29700000.0,45.3009,88.97,22.18,
29800000.0,42.1115,68.83,17.36,
29900000.0,44.3557,98.82,20.14,
30000000.0,44.1627,82.93,20.97,
30100000.0,45.3939,81.13,26.82,
30200000.0,43.8766,93.01,13.08,
30300000.0,44.8029,94.92,16.76,
30400000.0,43.6037,75.64,17.45,
30500000.0,46.5218,88.55,22.54,
30600000.0,42.3843,69.24,25.12,
30700000.0,43.37600000000001,94.75,23.94,
30800000.0,45.4594,71.15,20.83,
30900000.0,45.0597,73.37,20.26,
31000000.0,45.6204,90.46,26.6,
31100000.0,44.5034,77.85,17.65,
31200000.0,43.4595,67.96,14.9,
31300000.0,44.0597,64.0,21.0,
31400000.0,45.0531,70.41,22.16,
31500000.0,46.9113,78.1,24.52,
31600000.0,46.7234,81.87,14.44,
31700000.0,45.5028,69.01,9.14,
31800000.0,47.5658,95.24,22.24,
31900000.0,48.3096,100.98,17.79,
32000000.0,45.8405,82.04,18.38,
32100000.0,45.1213,66.26,26.87,
32200000.0,42.2224,76.8,15.86,
32300000.0,43.9864,64.72,21.7,
32400000.0,47.0594,99.83,23.32,
32500000.0,46.7233,102.14,20.18,
32600000.0,43.2732,68.18,17.53,
32700000.0,46.8335,94.82,23.11,
32800000.0,46.1027,70.81,27.26,
32900000.0,44.2111,62.11,17.12,
33000000.0,42.5937,65.57,21.05,
33100000.0,42.2431,68.42,16.42,
33200000.0,42.9354,64.27,25.53,
33300000.0,41.4676,75.14,9.78,
33400000.0,41.1695,66.04,23.63,
33500000.0,46.9162,70.58,18.07,
33600000.0,45.9078,70.67,21.86,
33700000.0,45.4879,70.86,11.1,
33800000.0,47.3874,67.35,19.99,
33900000.0,44.4241,65.93,20.63,
34000000.0,46.1681,86.49,22.31,
34100000.0,46.4181,71.22,26.52,
34200000.0,49.6832,72.6,21.77,
34300000.0,46.7382,70.49,24.25,
34400000.0,49.3517,73.8,19.23,
34500000.0,42.5305,76.28,14.44,
34600000.0,43.0713,64.46,24.5,
34700000.0,43.6247,69.55,20.61,
34800000.0,45.6084,66.08,23.73,
34900000.0,42.5588,75.66,22.46,
35000000.0,45.70399999999999,67.34,25.54,
35100000.0,42.0924,75.1,21.78,
35200000.0,44.9897,78.25,16.75,
35300000.0,43.9143,67.41,22.92,
35400000.0,45.4727,81.44,20.5,
35500000.0,45.1404,71.01,22.39,
35600000.0,46.0444,78.63,13.76,
35700000.0,45.568999999999996,72.85,23.27,
35800000.0,43.3014,65.87,23.42,
35900000.0,43.1865,61.98,10.61,
36000000.0,40.4345,61.62,15.15,
36100000.0,41.0137,67.23,17.48,
36200000.0,48.206,97.69,26.38,
36300000.0,43.9111,95.61,21.61,
36400000.0,39.6514,77.83,14.23,
36500000.0,40.281,67.26,16.86,
36600000.0,41.1673,80.48,19.75,
36700000.0,38.8965,82.73,14.6,
36800000.0,42.0082,96.19,9.01,
36900000.0,43.4115,70.14,19.3,
37000000.0,45.1403,95.35,20.35,
37100000.0,44.7351,66.8,18.68,
37200000.0,45.3033,62.51,25.13,
37300000.0,43.8973,66.4,20.88,
37400000.0,46.4821,84.47,24.2,
37500000.0,44.7884,72.76,13.51,
37600000.0,44.8582,69.4,24.07,
37700000.0,44.7667,67.33,16.69,
37800000.0,44.5062,64.72,16.63,
37900000.0,42.4918,66.24,12.65,
38000000.0,42.7025,72.75,14.06,
38100000.0,41.9612,61.3,20.76,
38200000.0,43.4345,62.91,26.96,
38300000.0,43.4989,78.24,11.19,
38400000.0,44.4375,80.84,12.11,
38500000.0,41.4119,68.49,19.48,
38600000.0,44.5297,67.08,15.78,
38700000.0,41.0542,73.86,23.21,
38800000.0,44.2302,97.37,9.84,
38900000.0,43.0784,67.91,12.26,
39000000.0,43.3649,72.12,17.76,
39100000.0,43.5664,64.26,20.95,
39200000.0,44.8586,73.77,27.61,
39300000.0,43.6044,64.03,27.42,
39400000.0,41.1212,64.63,22.43,
39500000.0,42.058,73.1,7.11,
39600000.0,42.0323,58.08,24.29,
39700000.0,42.3568,72.25,19.75,
39800000.0,40.2916,70.88,13.87,
39900000.0,41.3683,60.69,25.02,
40000000.0,42.7218,66.82,23.66,
40100000.0,40.4065,66.52,17.4,
40200000.0,41.0456,64.98,25.49,
40300000.0,42.7932,78.85,17.76,
40400000.0,39.7795,81.42,2.93,
40500000.0,41.8061,81.8,22.31,
40600000.0,41.7385,99.41,11.59,
40700000.0,44.6312,81.02,14.82,
40800000.0,44.9342,74.39,19.06,
40900000.0,43.3892,73.05,20.01,
41000000.0,43.6497,92.16,20.8,
41100000.0,40.161,63.58,17.33,
41200000.0,38.8754,63.38,19.4,
41300000.0,39.6784,63.71,20.4,
41400000.0,38.9207,67.32,20.0,
41500000.0,39.348,59.47,20.66,
41600000.0,39.3241,59.88,18.49,
41700000.0,40.3361,62.96,20.82,
41800000.0,38.2647,69.27,19.27,
41900000.0,42.6557,79.33,21.01,
42000000.0,41.2809,77.5,19.61,
42100000.0,39.2706,65.07,13.18,
42200000.0,39.1986,66.91,17.75,
42300000.0,39.5626,71.63,19.45,
42400000.0,38.1835,74.47,12.13,
42500000.0,39.1265,67.2,20.48,
42600000.0,42.4126,72.61,3.99,
42700000.0,41.3749,85.67,15.94,
42800000.0,39.8799,62.51,19.31,
42900000.0,38.9995,72.73,22.52,
43000000.0,41.1158,76.84,14.66,
43100000.0,38.2213,59.34,21.18,
43200000.0,41.5491,99.28,11.81,
43300000.0,41.6193,99.38,11.61,
43400000.0,39.5366,63.66,20.0,
43500000.0,41.0492,71.57,19.08,
43600000.0,42.0498,68.63,16.17,
43700000.0,40.8197,61.97,18.18,
43800000.0,39.1702,59.16,20.67,
43900000.0,38.2855,59.51,13.52,
44000000.0,42.6545,73.65,23.91,
44100000.0,42.5578,72.18,17.23,
44200000.0,40.0891,67.9,17.92,
44300000.0,39.9479,58.65,23.48,
44400000.0,39.9763,67.11,4.84,
44500000.0,42.285,59.1,27.15,
44600000.0,42.4024,100.85,15.01,
44700000.0,42.3104,71.68,23.59,
44800000.0,42.5525,60.86,19.49,
44900000.0,43.7965,66.07,20.66,
45000000.0,40.9087,70.72,12.69,
45100000.0,43.6189,69.05,20.87,
45200000.0,43.4193,67.6,16.74,
45300000.0,41.6175,68.65,18.06,
45400000.0,42.6184,68.11,7.02,
45500000.0,44.8838,80.93,24.83,
45600000.0,43.2389,78.52,17.48,
45700000.0,41.2706,66.33,14.29,
45800000.0,43.1349,80.75,20.16,
45900000.0,41.2489,71.6,19.37,
46000000.0,44.8647,70.02,22.75,
46100000.0,44.4324,97.47,23.2,
46200000.0,38.3076,66.02,18.07,
46300000.0,39.9795,63.66,16.04,
46400000.0,41.1411,64.26,18.82,
46500000.0,40.6489,63.99,15.79,
46600000.0,46.0262,69.75,20.15,
46700000.0,44.8234,72.01,20.4,
46800000.0,43.8115,77.18,15.57,
46900000.0,45.0364,71.03,25.05,
47000000.0,43.5619,65.92,23.75,
47100000.0,41.3872,66.72,15.61,
47200000.0,38.8548,66.63,20.04,
47300000.0,42.512,65.65,14.36,
47400000.0,41.3164,75.33,19.52,
47500000.0,40.2044,65.24,13.88,
47600000.0,40.0693,61.94,21.19,
47700000.0,40.7969,62.67,20.48,
47800000.0,43.0911,99.55,22.76,
47900000.0,44.092,101.33,22.6,
48000000.0,42.4238,97.4,20.93,
48100000.0,41.5509,76.06,9.18,
48200000.0,40.9447,59.56,11.75,
48300000.0,39.5133,56.98,24.26,
48400000.0,38.8112,71.32,18.28,
48500000.0,40.376999999999995,63.74,18.05,
48600000.0,41.9526,69.29,18.42,
48700000.0,42.0631,64.04,22.63,
48800000.0,41.0101,71.19,16.54,
48900000.0,38.832,73.72,2.68,
49000000.0,40.2877,66.32,5.98,
49100000.0,42.1137,76.27,6.0,
49200000.0,41.7437,92.18,15.26,
49300000.0,39.1737,69.83,9.27,
49400000.0,37.4747,75.08,8.52,
49500000.0,39.1037,61.64,15.22,
49600000.0,37.5674,63.28,11.13,
49700000.0,39.3242,60.64,16.68,
49800000.0,40.5202,66.6,15.97,
49900000.0,40.9523,74.02,13.18,
50000000.0,41.2696,73.27,21.42,
50100000.0,42.0527,66.83,10.96,
50200000.0,41.0809,62.19,24.08,
50300000.0,41.6342,86.59,21.85,
50400000.0,41.7851,74.11,21.95,
50500000.0,39.571999999999996,74.93,17.46,
50600000.0,43.153999999999996,82.24,17.72,
50700000.0,44.1574,79.31,21.93,
50800000.0,41.6995,103.1,8.85,
50900000.0,42.5699,97.12,13.82,
51000000.0,43.0237,70.12,24.05,
51100000.0,39.9892,80.87,23.25,
51200000.0,44.6845,97.18,6.73,
51300000.0,42.0014,83.09,17.96,
51400000.0,41.5733,68.11,17.4,
51500000.0,42.11,87.6,14.76,
51600000.0,46.1921,101.16,12.55,
51700000.0,40.0327,82.63,12.15,
51800000.0,45.3803,98.48,20.56,
51900000.0,39.4187,101.82,19.73,
52000000.0,37.9246,74.7,23.39,
52100000.0,37.8029,64.63,20.1,
52200000.0,39.7934,85.41,19.69,
52300000.0,37.135,59.8,12.99,
52400000.0,40.6247,68.32,8.68,
52500000.0,40.1679,64.52,11.85,
52600000.0,38.205999999999996,68.7,12.7,
52700000.0,35.8391,63.21,10.91,
52800000.0,37.8599,57.99,12.46,
52900000.0,40.2978,71.31,11.46,
53000000.0,38.5258,68.23,19.59,
53100000.0,41.5077,69.34,11.72,
53200000.0,37.7519,62.2,9.99,
53300000.0,41.0808,61.64,12.32,
53400000.0,40.4826,65.06,21.18,
53500000.0,39.3179,63.03,14.25,
53600000.0,39.9792,67.19,16.13,
53700000.0,38.3237,70.97,5.77,
53800000.0,36.7946,67.34,18.52,
53900000.0,40.4603,71.41,10.83,
54000000.0,40.1478,65.85,16.67,
54100000.0,39.083,66.33,12.23,
54200000.0,38.1883,58.61,19.82,
54300000.0,39.4285,78.13,14.31,
54400000.0,39.5028,69.65,7.7,
54500000.0,39.6649,62.36,15.65,
54600000.0,40.7446,66.67,18.16,
54700000.0,39.4103,59.62,12.95,
54800000.0,37.7581,70.83,1.21,
54900000.0,41.0476,68.2,15.77,
55000000.0,41.6902,66.29,9.72,
55100000.0,39.937,67.76,14.81,
55200000.0,38.8989,64.51,17.24,
55300000.0,41.7952,64.62,9.67,
55400000.0,39.4871,65.14,18.31,
55500000.0,39.9426,62.83,15.46,
55600000.0,40.4975,62.12,15.24,
55700000.0,42.036,79.07,20.2,
55800000.0,38.3497,66.95,7.85,
55900000.0,43.0767,97.86,20.27,
56000000.0,37.7996,59.44,20.28,
56100000.0,44.4601,104.28,15.74,
56200000.0,41.5709,68.45,14.93,
56300000.0,41.7322,63.35,17.06,
56400000.0,39.9419,66.08,8.26,
56500000.0,40.9632,86.47,8.67,
56600000.0,40.8618,68.07,8.2,
56700000.0,39.1882,64.28,2.31,
56800000.0,38.4921,62.15,19.27,
56900000.0,39.4145,62.46,13.06,
57000000.0,40.57,61.21,20.05,
57100000.0,37.4901,63.63,18.63,
57200000.0,39.5804,62.88,14.63,
57300000.0,38.4451,63.63,19.31,
57400000.0,38.6602,66.52,15.66,
57500000.0,39.7573,62.31,19.81,
57600000.0,36.7558,63.97,7.04,
57700000.0,38.5015,97.09,9.67,
57800000.0,36.9345,63.54,1.46,
57900000.0,38.8881,68.04,12.23,
58000000.0,40.1105,62.44,6.44,
58100000.0,37.2754,90.27,20.18,
58200000.0,37.4774,75.13,18.17,
58300000.0,37.6899,83.27,13.17,
58400000.0,37.0478,68.88,19.37,
58500000.0,37.413000000000004,65.45,10.31,
58600000.0,37.9789,99.16,17.77,
58700000.0,37.3519,63.37,18.24,
58800000.0,37.6371,83.07,13.98,
58900000.0,38.3397,60.54,18.37,
59000000.0,43.3581,91.5,15.33,
59100000.0,40.891,103.7,2.27,
59200000.0,39.3093,98.03,20.08,
59300000.0,39.8872,63.73,2.17,
59400000.0,40.3973,69.08,12.7,
59500000.0,39.5382,64.44,18.45,
59600000.0,40.4334,62.86,23.85,
59700000.0,38.1886,60.33,21.65,
59800000.0,39.9468,63.11,19.88,
59900000.0,42.0036,65.86,21.74,
60000000.0,41.3447,63.7,20.41,
60100000.0,40.7664,65.85,22.39,
60200000.0,39.465,62.02,19.94,
60300000.0,41.6977,70.81,14.39,
60400000.0,40.6633,67.59,10.77,
60500000.0,40.7986,71.16,16.53,
60600000.0,39.2403,63.03,13.93,
60700000.0,39.469,59.61,10.33,
60800000.0,39.4182,74.7,4.86,
60900000.0,35.5995,72.25,2.45,
61000000.0,35.6429,64.73,5.35,
61100000.0,37.7227,68.91,17.8,
61200000.0,34.7542,58.6,2.47,
61300000.0,37.3521,69.62,14.17,
61400000.0,41.4928,66.63,17.79,
61500000.0,39.4253,62.88,15.06,
61600000.0,39.2352,61.73,2.57,
61700000.0,38.8438,60.85,15.04,
61800000.0,37.5569,58.02,14.27,
61900000.0,37.5585,62.06,6.18,
62000000.0,39.3439,66.35,8.7,
62100000.0,39.0129,61.48,17.38,
62200000.0,41.8586,65.84,16.37,
62300000.0,38.2166,61.38,5.1,
62400000.0,38.8363,63.88,13.51,
62500000.0,37.3798,72.7,14.81,
62600000.0,39.9185,70.09,20.54,
62700000.0,40.6177,71.66,16.52,
62800000.0,41.0571,69.31,14.49,
62900000.0,40.4315,65.35,7.43,
63000000.0,38.7879,57.49,12.7,
63100000.0,38.8414,75.95,7.9,
63200000.0,37.7938,66.91,16.48,
63300000.0,38.27,61.76,17.82,
63400000.0,38.7925,83.96,9.45,
63500000.0,41.07100000000001,69.92,18.72,
63600000.0,40.077,72.33,19.4,
63700000.0,44.1749,70.8,16.89,
63800000.0,39.8072,63.57,20.77,
63900000.0,38.0474,61.19,13.76,
64000000.0,40.3471,61.63,17.85,
64100000.0,37.9213,60.39,15.11,
64200000.0,37.6957,73.34,18.56,
64300000.0,37.4429,60.37,15.93,
64400000.0,37.9073,58.91,5.59,
64500000.0,37.3291,61.58,21.86,
64600000.0,38.3177,59.67,13.03,
64700000.0,36.8747,61.92,13.03,
64800000.0,37.7638,61.32,17.21,
64900000.0,38.1619,87.69,8.21,
65000000.0,39.4397,67.69,7.29,
65100000.0,37.2219,67.96,14.86,
65200000.0,37.6051,60.16,9.49,
65300000.0,41.2187,85.97,8.9,
65400000.0,40.1598,92.06,13.34,
65500000.0,40.0991,90.81,17.91,
65600000.0,37.5346,90.67,6.66,
65700000.0,34.9162,60.78,6.07,
65800000.0,35.9838,58.37,1.83,
65900000.0,33.1636,56.51,16.72,
66000000.0,35.0047,57.29,8.82,
66100000.0,37.4209,57.43,15.3,
66200000.0,35.6671,58.43,15.39,
66300000.0,37.6443,60.18,13.91,
66400000.0,35.8622,60.96,13.99,
66500000.0,36.8649,63.81,14.71,
66600000.0,36.7629,61.09,4.2,
66700000.0,34.2712,60.81,10.43,
66800000.0,34.361999999999995,58.03,7.45,
66900000.0,37.2532,60.75,17.78,
67000000.0,38.7678,65.7,15.11,
67100000.0,38.4536,62.39,8.49,
67200000.0,38.1695,62.72,3.64,
67300000.0,38.872,64.85,12.8,
67400000.0,37.6281,58.62,10.74,
67500000.0,33.5823,56.71,7.31,
67600000.0,36.0119,62.92,5.21,
67700000.0,35.7918,68.83,12.92,
67800000.0,38.1624,87.48,11.21,
67900000.0,38.2829,59.96,10.24,
68000000.0,37.1468,62.0,17.95,
68100000.0,38.3941,61.05,9.76,
68200000.0,34.5389,58.27,13.72,
68300000.0,35.5722,62.41,16.33,
68400000.0,34.366,60.58,5.29,
68500000.0,39.0271,66.2,11.02,
68600000.0,38.9264,65.6,15.05,
68700000.0,37.0436,63.83,8.35,
68800000.0,44.9672,97.99,9.24,
68900000.0,40.2854,104.88,8.28,
69000000.0,36.2095,62.55,9.33,
69100000.0,37.0777,64.51,16.75,
69200000.0,36.8177,70.36,16.68,
69300000.0,42.3095,96.08,9.34,
69400000.0,41.0274,86.52,10.22,
69500000.0,37.5828,63.79,4.2,
69600000.0,38.7224,69.08,9.7,
69700000.0,37.02,63.94,2.61,
69800000.0,38.4003,79.89,13.06,
69900000.0,40.0186,64.8,14.55,
70000000.0,37.8172,66.02,14.76,
70100000.0,36.6253,63.62,7.29,
70200000.0,37.0721,61.59,14.26,
70300000.0,36.7495,60.95,13.45,
70400000.0,36.9776,60.39,17.01,
70500000.0,36.3254,56.67,9.62,
70600000.0,35.6596,63.33,9.5,
70700000.0,38.8895,65.37,9.37,
70800000.0,36.2329,64.63,15.91,
70900000.0,35.6016,56.88,8.39,
71000000.0,36.2028,60.69,15.7,
71100000.0,35.7752,63.4,19.52,
71200000.0,35.3667,64.31,16.75,
71300000.0,35.0437,65.09,4.22,
71400000.0,36.0831,60.32,13.61,
71500000.0,33.9143,57.75,17.24,
71600000.0,37.7326,62.9,11.16,
71700000.0,34.4706,57.22,10.91,
71800000.0,37.0715,67.16,14.3,
71900000.0,36.1993,65.2,18.38,
72000000.0,38.547,75.04,16.28,
72100000.0,34.141,57.74,2.13,
72200000.0,36.7734,72.41,15.13,
72300000.0,36.9559,59.62,5.36,
72400000.0,35.9064,59.58,3.46,
72500000.0,39.5859,62.68,6.72,
72600000.0,41.2938,98.67,15.26,
72700000.0,38.9162,75.52,9.69,
72800000.0,37.8052,67.24,5.95,
72900000.0,39.844,70.81,15.91,
73000000.0,36.5171,60.64,16.22,
73100000.0,36.172,57.56,2.57,
73200000.0,36.1163,59.21,11.42,
73300000.0,38.5745,59.45,13.3,
73400000.0,37.1869,60.27,13.7,
73500000.0,34.9526,66.87,20.06,
73600000.0,35.8318,62.07,7.85,
73700000.0,35.8453,63.2,16.59,
73800000.0,37.8141,59.83,13.46,
73900000.0,37.7639,66.68,10.73,
74000000.0,37.5062,63.25,7.37,
74100000.0,37.1905,59.44,14.96,
74200000.0,35.101,57.89,7.33,
74300000.0,33.1284,59.44,9.66,
74400000.0,34.4557,58.99,8.8,
74500000.0,37.817,68.62,14.04,
74600000.0,35.2759,63.04,11.71,
74700000.0,35.805,61.73,3.37,
74800000.0,34.4611,62.43,14.05,
74900000.0,35.5635,54.65,13.98,
75000000.0,36.2988,63.35,2.71,
75100000.0,34.7832,59.92,6.18,
75200000.0,36.5016,57.74,16.6,
75300000.0,36.419000000000004,57.23,9.5,
75400000.0,35.1469,63.31,8.89,
75500000.0,33.2256,59.34,12.0,
75600000.0,34.2034,61.13,7.5,
75700000.0,37.545,59.57,12.96,
75800000.0,35.4597,63.52,4.58,
75900000.0,34.605,57.34,12.26,
76000000.0,34.346,59.43,2.94,
76100000.0,35.7976,71.49,14.41,
76200000.0,37.1571,64.46,13.59,
76300000.0,36.1753,59.31,14.72,
76400000.0,35.4241,58.17,4.92,
76500000.0,34.0636,55.75,5.0,
76600000.0,33.7241,59.39,7.6,
76700000.0,35.083,58.75,2.46,
76800000.0,34.0351,55.74,9.97,
76900000.0,34.6168,56.58,1.52,
77000000.0,32.8458,67.9,10.33,
77100000.0,36.4539,64.15,12.76,
77200000.0,34.1282,64.11,15.73,
77300000.0,32.521,55.22,12.1,
77400000.0,31.5901,67.55,11.81,
77500000.0,29.7293,55.17,4.4,
77600000.0,32.6596,62.47,11.43,
77700000.0,31.7796,58.32,7.9,
77800000.0,30.0388,55.92,11.85,
77900000.0,32.1498,60.89,3.03,
78000000.0,35.2412,66.04,15.08,
78100000.0,34.4649,64.55,15.37,
78200000.0,35.4137,65.36,2.41,
78300000.0,36.2031,61.14,9.82,
78400000.0,34.458,61.94,12.29,
78500000.0,36.2971,59.62,13.87,
78600000.0,35.1618,61.69,6.85,
78700000.0,36.2875,63.2,15.58,
78800000.0,34.0501,60.48,10.74,
78900000.0,34.9004,58.99,6.42,
79000000.0,34.7558,67.76,13.67,
79100000.0,33.9742,66.18,13.23,
79200000.0,36.1712,61.25,13.42,
79300000.0,36.2257,63.64,4.72,
79400000.0,36.3951,64.1,12.36,
79500000.0,39.8374,67.97,13.67,
79600000.0,37.9747,63.93,8.35,
79700000.0,37.6249,61.74,15.68,
79800000.0,38.5764,62.98,15.02,
79900000.0,36.1213,65.6,10.41,
80000000.0,36.2551,70.81,16.72,
80100000.0,37.9676,67.68,3.02,
80200000.0,37.1196,66.72,8.75,
80300000.0,37.0248,65.84,8.3,
80400000.0,36.914,61.0,15.91,
80500000.0,36.905,62.08,16.66,
80600000.0,35.8478,63.63,5.08,
80700000.0,36.4226,62.45,6.85,
80800000.0,33.3202,57.71,9.69,
80900000.0,36.8571,60.86,20.64,
81000000.0,35.8797,59.67,11.93,
81100000.0,39.2684,62.68,14.95,
81200000.0,36.595,69.97,3.69,
81300000.0,36.61,63.06,2.83,
81400000.0,36.9134,60.6,12.48,
81500000.0,37.231,64.17,7.13,
81600000.0,34.6288,65.44,15.05,
81700000.0,38.6094,62.55,13.63,
81800000.0,35.4795,63.64,2.8,
81900000.0,35.8896,61.46,4.79,
82000000.0,35.1765,63.96,12.17,
82100000.0,34.6866,56.6,8.24,
82200000.0,37.9563,72.01,11.93,
82300000.0,36.5227,68.45,8.5,
82400000.0,37.0667,65.61,10.67,
82500000.0,37.0943,63.04,8.13,
82600000.0,37.0976,59.83,6.39,
82700000.0,35.3153,62.94,11.14,
82800000.0,36.5817,65.08,8.69,
82900000.0,35.6338,71.35,11.32,
83000000.0,36.7609,71.86,11.67,
83100000.0,35.3154,64.5,11.08,
83200000.0,36.650999999999996,62.41,17.27,
83300000.0,34.4698,65.89,8.59,
83400000.0,37.0777,66.78,10.24,
83500000.0,36.1244,62.84,7.66,
83600000.0,37.385,61.98,11.65,
83700000.0,38.6519,68.07,13.94,
83800000.0,36.5109,62.79,14.68,
83900000.0,36.7046,62.61,2.49,
84000000.0,37.1094,71.86,10.59,
84100000.0,35.1366,64.15,1.7,
84200000.0,33.8803,64.67,11.48,
84300000.0,35.7226,74.54,9.11,
84400000.0,32.9172,61.94,2.68,
84500000.0,33.27,60.77,5.2,
84600000.0,34.2107,66.56,9.77,
84700000.0,35.2506,68.29,5.62,
84800000.0,33.3999,68.59,7.32,
84900000.0,35.6168,68.19,2.94,
85000000.0,37.69300000000001,69.84,13.26,
85100000.0,34.0135,61.71,3.01,
85200000.0,33.1678,61.52,3.59,
85300000.0,32.4321,57.31,2.06,
85400000.0,32.4821,60.77,2.61,
85500000.0,32.6649,60.33,13.74,
85600000.0,32.3926,52.42,7.52,
85700000.0,33.1576,58.25,10.27,
85800000.0,33.3157,60.08,8.34,
85900000.0,30.4981,54.83,10.66,
86000000.0,31.0004,58.04,4.72,
86100000.0,32.166,68.2,9.83,
86200000.0,32.6564,73.37,2.07,
86300000.0,34.5927,78.17,11.4,
86400000.0,32.0668,58.37,9.79,
86500000.0,33.3708,67.6,9.67,
86600000.0,32.0712,57.84,11.89,
86700000.0,33.2337,71.36,6.22,
86800000.0,33.8677,56.61,16.05,
86900000.0,33.3893,58.91,6.81,
87000000.0,34.3548,62.92,15.14,
87100000.0,31.7949,64.95,9.96,
87200000.0,33.5625,57.72,11.85,
87300000.0,33.7745,65.98,9.83,
87400000.0,31.8247,57.98,9.11,
87500000.0,34.7515,63.61,14.21,
87600000.0,34.0772,60.18,5.0,
87700000.0,33.7887,64.06,3.37,
87800000.0,33.2793,64.14,6.9,
87900000.0,34.1348,60.34,10.97,
88000000.0,33.6434,60.03,9.25,
88100000.0,32.4278,56.59,3.49,
88200000.0,35.0164,61.15,4.83,
88300000.0,34.9826,60.06,0.61,
88400000.0,35.0088,58.16,3.75,
88500000.0,34.8701,58.11,7.83,
88600000.0,34.3816,67.65,15.79,
88700000.0,32.3445,58.86,8.67,
88800000.0,32.3234,56.72,3.23,
88900000.0,32.9297,60.13,4.09,
89000000.0,34.016999999999996,58.12,2.74,
89100000.0,31.7642,57.8,6.56,
89200000.0,36.0547,66.08,4.99,
89300000.0,36.7765,59.24,8.62,
89400000.0,35.8879,74.18,2.12,
89500000.0,35.3054,58.14,8.74,
89600000.0,35.7581,60.16,13.51,
89700000.0,34.875,56.24,1.02,
89800000.0,36.5281,58.79,15.54,
89900000.0,34.8016,58.73,15.3,
90000000.0,34.4484,60.19,11.08,
90100000.0,31.2285,55.17,14.88,
90200000.0,33.1261,57.85,3.64,
90300000.0,33.1905,65.57,11.94,
90400000.0,32.6611,59.88,2.4,
90500000.0,34.0562,67.32,2.45,
90600000.0,32.9557,68.07,6.15,
90700000.0,34.7898,59.31,11.18,
90800000.0,33.2925,56.63,5.51,
90900000.0,33.5669,59.37,7.3,
91000000.0,30.784000000000002,69.34,5.19,
91100000.0,31.9938,58.23,4.22,
91200000.0,33.8092,57.84,14.87,
91300000.0,32.7196,59.06,13.87,
91400000.0,33.8759,57.84,6.65,
91500000.0,30.6566,54.06,8.21,
91600000.0,29.4092,54.54,1.82,
91700000.0,32.3018,61.01,13.57,
91800000.0,31.3764,58.87,1.82,
91900000.0,29.1652,67.81,2.37,
92000000.0,30.0355,58.96,8.34,
92100000.0,30.1706,56.08,6.86,
92200000.0,30.0086,53.9,8.74,
92300000.0,32.1988,58.21,9.8,
92400000.0,31.8266,58.59,14.28,
92500000.0,32.9686,63.44,7.07,
92600000.0,32.9316,58.52,6.94,
92700000.0,35.2289,63.02,5.98,
92800000.0,33.7323,60.5,2.07,
92900000.0,35.8859,57.85,3.9,
93000000.0,36.8201,58.52,6.87,
93100000.0,34.4242,59.98,14.54,
93200000.0,36.3427,59.25,7.73,
93300000.0,33.0567,57.96,6.29,
93400000.0,33.9033,55.6,13.62,
93500000.0,36.9764,58.63,1.86,
93600000.0,36.0035,61.01,5.97,
93700000.0,31.2977,65.32,5.66,
93800000.0,33.3385,58.1,14.08,
93900000.0,32.4669,59.63,7.58,
94000000.0,30.0497,61.87,4.72,
94100000.0,32.6699,58.17,6.06,
94200000.0,32.0957,55.81,11.21,
94300000.0,31.6249,50.89,6.67,
94400000.0,32.1257,61.04,16.3,
94500000.0,32.5333,67.29,7.47,
94600000.0,31.1873,54.31,7.11,
94700000.0,30.0982,56.47,5.81,
94800000.0,31.318,59.84,1.67,
94900000.0,31.6392,59.46,10.03,
95000000.0,32.3984,58.86,11.7,
95100000.0,32.8137,58.44,3.04,
95200000.0,33.1547,56.57,13.39,
95300000.0,34.8684,62.9,2.2,
95400000.0,34.0276,60.38,11.05,
95500000.0,33.6335,73.51,2.88,
95600000.0,34.3868,57.1,13.4,
95700000.0,35.946,69.33,5.49,
95800000.0,35.9645,62.29,6.42,
95900000.0,36.1347,57.78,17.77,
96000000.0,35.7917,58.14,11.47,
96100000.0,35.2859,67.33,4.47,
96200000.0,36.5992,58.55,3.46,
96300000.0,34.5974,57.48,8.4,
96400000.0,37.3745,58.5,6.98,
96500000.0,31.6952,54.78,8.02,
96600000.0,32.9099,56.89,9.42,
96700000.0,34.16,59.52,10.82,
96800000.0,32.7706,61.26,12.19,
96900000.0,34.4069,60.41,13.73,
97000000.0,32.9563,57.75,6.03,
97100000.0,35.2121,60.9,17.93,
97200000.0,33.3705,55.31,15.38,
97300000.0,33.8776,59.99,4.84,
97400000.0,33.8961,60.48,11.1,
97500000.0,33.7153,58.61,9.31,
97600000.0,34.6445,58.59,14.5,
97700000.0,34.7417,57.11,11.13,
97800000.0,36.602,57.44,10.84,
97900000.0,36.4762,60.42,9.64,
98000000.0,34.4246,56.13,14.82,
98100000.0,35.5771,57.73,8.53,
98200000.0,36.0282,59.8,12.47,
98300000.0,35.9246,57.3,6.18,
98400000.0,35.3022,60.28,5.89,
98500000.0,35.5655,62.34,13.1,
98600000.0,37.0221,57.62,12.01,
98700000.0,36.5779,60.63,10.36,
98800000.0,34.9554,59.64,7.27,
98900000.0,36.4782,58.84,12.71,
99000000.0,32.4636,58.09,5.35,
99100000.0,32.034,61.05,3.1,
99200000.0,32.2926,58.21,9.58,
99300000.0,33.1488,56.21,11.22,
99400000.0,32.5883,57.33,7.52,
99500000.0,31.1185,56.11,3.94,
99600000.0,32.4278,55.91,11.33,
99700000.0,32.034,58.56,10.74,
99800000.0,32.5245,59.34,10.46,
99900000.0,31.0068,55.69,7.75,
100000000.0,33.965,66.46,2.41,
100100000.0,30.5974,56.07,2.98,
100200000.0,35.2708,57.48,2.46,
100300000.0,32.5567,58.01,8.59,
100400000.0,31.0988,57.52,5.17,
100500000.0,30.9811,57.22,7.1,
100600000.0,32.2515,59.31,12.54,
100700000.0,31.3861,57.82,7.58,
100800000.0,30.4968,56.72,10.31,
100900000.0,31.4224,56.12,11.24,
101000000.0,31.197,58.5,7.66,
101100000.0,31.7122,56.19,13.78,
101200000.0,30.5169,56.36,3.12,
101300000.0,31.2336,56.05,6.75,
101400000.0,30.6804,52.34,5.95,
101500000.0,29.8916,57.33,5.87,
101600000.0,32.4398,55.93,9.44,
101700000.0,32.9729,58.28,12.13,
101800000.0,34.6357,59.84,11.84,
101900000.0,32.9868,59.28,9.31,
102000000.0,34.1546,58.12,9.35,
102100000.0,31.2667,58.41,12.85,
102200000.0,29.8724,53.19,10.83,
102300000.0,31.9349,55.95,9.84,
102400000.0,33.0397,53.41,18.82,
102500000.0,32.3008,57.82,13.55,
102600000.0,31.6155,58.81,11.77,
102700000.0,30.9863,82.9,6.88,
102800000.0,31.0654,55.92,4.94,
102900000.0,32.1357,57.77,7.87,
103000000.0,30.7654,55.24,7.98,
103100000.0,33.3211,62.09,16.01,
103200000.0,33.1374,57.97,7.08,
103300000.0,32.4511,56.14,12.23,
103400000.0,33.6177,59.44,2.91,
103500000.0,34.056999999999995,57.09,7.81,
103600000.0,33.9991,57.61,1.34,
103700000.0,34.5399,69.43,5.58,
103800000.0,33.2054,59.19,6.68,
103900000.0,32.5049,59.41,9.71,
104000000.0,34.7314,59.04,16.74,
104100000.0,32.4418,56.92,15.05,
104200000.0,29.9199,71.9,5.56,
104300000.0,31.822,53.5,1.04,
104400000.0,30.9983,58.41,7.75,
104500000.0,30.9978,57.94,8.89,
104600000.0,31.6503,57.23,10.94,
104700000.0,31.7611,59.77,5.41,
104800000.0,32.0874,59.02,6.59,
104900000.0,30.5521,57.34,12.91,
105000000.0,29.964000000000002,60.13,7.1,
105100000.0,29.5139,59.72,8.85,
105200000.0,28.8512,58.92,11.63,
105300000.0,30.8168,56.54,14.42,
105400000.0,28.5952,53.99,5.89,
105500000.0,30.0711,54.35,2.05,
105600000.0,28.5513,56.39,6.54,
105700000.0,28.6763,55.85,5.06,
105800000.0,31.1355,57.34,5.12,
105900000.0,27.3901,52.54,4.01,
106000000.0,29.3893,63.48,8.69,
106100000.0,29.7321,59.64,8.63,
106200000.0,30.445,59.43,8.6,
106300000.0,32.5838,61.35,7.43,
106400000.0,29.3413,59.47,5.59,
106500000.0,31.9066,57.41,8.48,
106600000.0,33.9059,58.07,12.08,
106700000.0,32.224000000000004,58.06,5.33,
106800000.0,31.4028,56.9,12.58,
106900000.0,34.9204,58.52,3.32,
107000000.0,34.6845,58.31,11.43,
107100000.0,34.3735,60.09,9.41,
107200000.0,31.6738,58.59,4.89,
107300000.0,32.7291,56.71,2.44,
107400000.0,33.9742,56.13,10.4,
107500000.0,34.3471,59.81,7.55,
107600000.0,33.8486,60.91,10.35,
107700000.0,30.4225,56.93,8.09,
107800000.0,30.3077,62.53,9.9,
107900000.0,33.8966,56.52,16.41,
108000000.0,30.1001,54.92,9.32,
108100000.0,30.164,55.24,9.85,
108200000.0,30.6013,52.56,7.41,
108300000.0,31.1498,57.35,9.31,
108400000.0,27.7684,58.92,1.93,
108500000.0,29.111,56.22,2.42,
108600000.0,31.2387,58.28,1.64,
108700000.0,27.4112,59.83,4.32,
108800000.0,29.8169,59.21,10.01,
108900000.0,31.9059,56.14,2.04,
109000000.0,31.7725,67.25,13.49,
109100000.0,32.2015,65.18,1.4,
109200000.0,29.9406,57.56,4.83,
109300000.0,28.6498,60.0,5.03,
109400000.0,30.3054,63.21,3.34,
109500000.0,29.4853,58.43,4.56,
109600000.0,31.5702,60.95,10.35,
109700000.0,26.4949,56.68,5.12,
109800000.0,28.5155,63.21,8.29,
109900000.0,26.4379,64.12,2.7,
110000000.0,25.9638,54.11,6.79,
110100000.0,27.1335,57.63,3.75,
110200000.0,25.3634,46.72,8.02,
110300000.0,26.4035,51.84,5.98,
110400000.0,25.7965,53.1,4.47,
110500000.0,26.309,56.57,2.79,
110600000.0,27.0661,57.18,8.12,
110700000.0,26.0889,54.18,2.33,
110800000.0,27.7376,56.54,2.94,
110900000.0,27.6432,53.54,2.69,
111000000.0,29.5838,55.77,8.99,
111100000.0,28.9167,52.45,6.36,
111200000.0,29.7886,64.53,4.61,
111300000.0,30.1169,54.97,7.15,
111400000.0,28.64,53.16,7.36,
111500000.0,29.7708,56.33,4.35,
111600000.0,30.2604,58.68,1.36,
111700000.0,31.8891,54.15,6.49,
111800000.0,31.0462,57.91,4.37,
111900000.0,28.766,55.9,8.78,
112000000.0,26.3966,76.31,4.9,
112100000.0,29.0754,61.03,2.5,
112200000.0,31.3689,58.86,6.58,
112300000.0,31.093000000000004,66.04,4.52,
112400000.0,30.4996,57.94,6.8,
112500000.0,34.6056,86.03,7.52,
112600000.0,31.5986,57.1,3.54,
112700000.0,34.3102,63.02,7.23,
112800000.0,30.9688,58.11,7.57,
112900000.0,30.7761,56.02,10.98,
113000000.0,32.2796,59.42,5.03,
113100000.0,30.4014,56.14,5.3,
113200000.0,30.0998,55.61,2.13,
113300000.0,30.8681,55.8,5.95,
113400000.0,29.6507,55.28,9.7,
113500000.0,32.4623,58.14,9.89,
113600000.0,30.7568,59.9,3.05,
113700000.0,29.409000000000002,52.98,14.59,
113800000.0,31.6136,55.28,8.12,
113900000.0,31.4852,58.31,1.86,
114000000.0,31.7165,53.92,7.44,
114100000.0,32.0152,57.86,2.75,
114200000.0,31.97300000000001,54.68,14.55,
114300000.0,29.6696,55.94,10.22,
114400000.0,31.754,57.2,5.69,
114500000.0,30.8289,58.23,6.43,
114600000.0,29.2725,56.92,11.7,
114700000.0,30.9265,57.62,2.18,
114800000.0,29.2472,54.45,8.18,
114900000.0,29.7733,56.63,1.47,
115000000.0,28.2932,53.8,5.8,
115100000.0,32.4274,65.09,4.52,
115200000.0,30.2662,68.0,4.42,
115300000.0,34.1058,82.83,6.24,
115400000.0,35.1356,66.98,6.74,
115500000.0,32.6431,56.75,3.99,
115600000.0,34.4987,82.25,2.61,
115700000.0,34.7791,58.41,10.18,
115800000.0,33.0174,58.94,9.48,
115900000.0,36.9895,59.87,4.36,
116000000.0,35.4273,62.71,7.77,
116100000.0,32.473,59.93,3.02,
116200000.0,31.6621,56.61,2.5,
116300000.0,31.5875,58.26,6.43,
116400000.0,29.8824,57.67,3.28,
116500000.0,33.0328,61.08,4.3,
116600000.0,31.8555,62.29,3.31,
116700000.0,33.7706,60.98,8.14,
116800000.0,32.753,57.51,2.32,
116900000.0,33.3645,58.3,8.68,
117000000.0,31.9438,61.94,2.33,
117100000.0,34.2408,63.45,6.52,
117200000.0,30.9687,58.78,6.19,
117300000.0,34.1401,57.73,3.34,
117400000.0,33.8928,59.43,1.94,
117500000.0,35.0341,61.37,11.9,
117600000.0,32.726,60.22,4.96,
117700000.0,33.7084,57.87,3.9,
117800000.0,35.1067,67.81,1.74,
117900000.0,33.0091,58.5,5.68,
118000000.0,32.2233,55.84,6.38,
118100000.0,32.2212,63.42,7.38,
118200000.0,32.19,56.75,7.01,
118300000.0,31.741999999999997,56.75,6.7,
118400000.0,31.8312,55.59,3.0,
118500000.0,32.38,59.38,7.84,
118600000.0,32.9144,57.27,5.75,
118700000.0,32.3529,56.32,11.42,
118800000.0,30.5148,60.13,10.08,
118900000.0,32.9082,55.82,12.11,
119000000.0,29.6447,53.36,9.2,
119100000.0,29.4496,55.48,1.83,
119200000.0,28.5513,58.79,4.0,
119300000.0,28.9054,54.81,2.02,
119400000.0,29.8948,56.65,7.9,
119500000.0,30.0677,55.2,6.44,
119600000.0,29.1343,57.65,5.77,
119700000.0,31.224,60.55,2.77,
119800000.0,32.0206,61.02,4.67,
119900000.0,31.6876,56.55,4.18,
120000000.0,30.8477,58.79,4.42,
120100000.0,36.0437,56.36,2.48,
120200000.0,30.8172,55.1,6.37,
120300000.0,32.179,56.84,3.64,
120400000.0,31.243000000000002,56.99,9.07,
120500000.0,30.4689,56.85,3.97,
120600000.0,33.4407,61.88,6.55,
120700000.0,29.0293,56.8,2.1,
120800000.0,28.9796,59.07,3.2,
120900000.0,29.5982,61.45,6.89,
121000000.0,32.2167,59.87,11.04,
121100000.0,32.4587,57.83,6.86,
121200000.0,32.4494,57.87,8.43,
121300000.0,33.1622,56.5,4.91,
121400000.0,31.3551,55.45,3.56,
121500000.0,30.2104,61.78,2.86,
121600000.0,28.6006,58.21,2.75,
121700000.0,30.7282,56.86,5.41,
121800000.0,31.9646,57.38,11.29,
121900000.0,27.1485,53.85,4.6,
122000000.0,31.4537,56.5,1.7,0.539109039
122100000.0,28.9039,55.28,4.2,0.544334862
122200000.0,29.1269,58.7,9.0,0.46190367600000004
122300000.0,30.0594,56.32,5.0,0.5196383929999999
122400000.0,29.0228,51.77,7.23,0.456749755
122500000.0,27.4579,55.09,2.92,0.507724713
122600000.0,29.6492,59.66,5.0,0.44547863600000004
122700000.0,30.2557,58.65,7.2,0.45821283
122800000.0,30.8295,56.93,4.84,0.586596315
122900000.0,30.5502,58.91,8.64,0.5177981798750514
123000000.0,28.1771,68.81,2.21,0.5245813217016024
123100000.0,32.5664,56.7,10.6,0.5911131751653029
123200000.0,30.9877,56.69,2.74,0.5235651893059351
123300000.0,31.8585,58.44,6.94,0.4223482765660749
123400000.0,30.9739,55.67,4.31,0.4791444036685306
123500000.0,29.6714,54.17,3.74,0.4792171326633163
123600000.0,33.0723,57.97,3.87,0.4231547375014362
123700000.0,32.3704,57.97,4.27,0.4721756351824103
123800000.0,31.577600000000004,55.11,3.39,0.5389370963953874
123900000.0,30.1304,57.43,10.62,0.4899672574348081
124000000.0,30.4695,56.06,3.28,0.4261770273466917
124100000.0,30.2768,56.86,1.23,0.5603489848723803
124200000.0,31.0661,55.68,6.98,0.4349270408210536
124300000.0,29.6784,53.67,2.54,0.6712575748085203
124400000.0,29.5502,58.86,3.54,0.42529686310227066
124500000.0,29.86010000000001,57.28,7.94,0.43335392703358777
124600000.0,32.4082,57.13,12.2,0.5728140654221839
124700000.0,30.8933,55.99,10.07,0.5119468971263685
124800000.0,30.5616,55.25,7.55,0.5586802201601648
124900000.0,31.3899,61.91,7.19,0.5344632843769664
125000000.0,29.9544,56.31,9.67,0.5196576674236746
125100000.0,33.3583,60.6,14.46,0.4440090255483388
125200000.0,31.6237,60.09,6.83,0.4136482591604616
125300000.0,32.0505,58.72,7.97,0.4178883648915344
125400000.0,32.3682,55.29,4.93,0.44349001968544943
125500000.0,31.5044,58.76,10.58,0.5449194901961942
125600000.0,29.948,58.33,2.9,0.5190386779141529
125700000.0,32.4955,60.98,10.23,0.4181130440668124
125800000.0,29.8623,52.78,6.13,0.4991771426622824
125900000.0,28.86320000000001,55.35,7.85,0.6069596615414448
126000000.0,32.4853,63.32,12.13,0.5221319702591941
126100000.0,29.7179,58.11,2.68,0.579128062821415
126200000.0,30.46380000000001,62.89,9.72,0.4780484974246032
126300000.0,29.7466,53.59,11.77,0.44700343943178455
126400000.0,25.8313,55.08,4.38,0.4565836175657256
126500000.0,30.743000000000002,56.57,10.62,0.4610080647798171
126600000.0,32.9998,57.8,7.99,0.535473242289344
126700000.0,29.6491,61.52,1.6,0.5426170271177092
126800000.0,29.6077,56.42,5.23,0.4203856324284743
126900000.0,30.8684,56.84,2.99,0.5743804780110561
127000000.0,30.9696,60.12,8.65,0.4045507218367412
127100000.0,30.7311,55.22,7.8,0.4528281648012482
127200000.0,29.3802,54.28,1.97,0.4021101466585312
127300000.0,31.0311,55.02,2.47,0.5210062406078556
127400000.0,33.8572,58.99,12.31,0.4806499377382494
127500000.0,32.5224,55.39,12.29,0.5435715147218568
127600000.0,29.6002,62.04,5.33,0.6032146920772434
127700000.0,30.77010000000001,55.03,10.47,0.4434451613987571
127800000.0,33.4217,57.95,9.17,0.5110227016864396
127900000.0,29.8134,56.14,1.69,0.4247287095551376
128000000.0,29.9426,54.76,5.35,0.5546517278919424
128100000.0,31.2322,57.39,4.09,0.42574550897717545
128200000.0,32.6471,56.75,3.06,0.42667567135371415
128300000.0,29.1252,54.49,8.76,0.4748570051731522
128400000.0,30.0116,55.31,13.59,0.4261927213132913
128500000.0,30.4949,58.93,5.66,0.44044528645202224
128600000.0,27.3421,60.14,2.9,0.4751257677156866
128700000.0,28.05380000000001,54.26,4.46,0.5897761630878637
128800000.0,28.2773,57.29,2.26,0.5757504202496065
128900000.0,29.6741,58.58,1.76,0.4566104574250341
129000000.0,28.6508,53.65,2.94,0.5663869198720367
129100000.0,31.335500000000003,58.7,3.07,0.4528193568033679
129200000.0,31.2822,56.7,8.94,0.4795173857694931
129300000.0,29.42,56.42,9.47,0.6320523469089482
129400000.0,32.0527,57.83,13.76,0.551401211213995
129500000.0,35.2367,56.9,15.82,0.4928218571383466
129600000.0,33.0113,61.61,9.44,0.5852722442348391
129700000.0,33.474000000000004,58.3,14.49,0.4317937959122291
129800000.0,33.1645,59.06,8.62,0.5941255860355538
129900000.0,31.4001,55.84,10.23,0.6632110306023996
130000000.0,31.152,57.4,5.01,0.3972222126556504
130100000.0,30.4054,56.88,3.33,0.5040831168484545
130200000.0,30.5014,55.18,5.39,0.4532502733520802
130300000.0,31.6667,58.55,11.95,0.6212046474421038
130400000.0,30.3506,51.82,8.66,0.5495747692984551
130500000.0,29.147800000000004,59.52,6.99,0.4854645421601863
130600000.0,32.7275,56.49,13.62,0.4498503793522029
130700000.0,29.050500000000003,62.31,1.76,0.4957463119502762
130800000.0,31.7588,61.38,8.6,0.4981230809549472
130900000.0,30.1298,58.37,7.31,0.4296930758451457
131000000.0,31.751,59.23,9.54,0.5168057410464573
131100000.0,32.023,58.47,3.53,0.4142025928675373
131200000.0,31.1087,57.24,9.59,0.5689035153568223
131300000.0,29.875100000000003,57.63,3.5,0.38538508565197294
131400000.0,29.1779,55.07,3.64,0.4877286158479244
131500000.0,31.663200000000003,55.77,4.29,0.4815556811445586
131600000.0,30.9456,58.48,4.7,0.4368524416295295
131700000.0,26.5902,57.08,2.84,0.3900327950944732
131800000.0,29.0283,58.83,6.4,0.5980416476869294
131900000.0,26.9135,52.62,5.52,0.508816183027755
132000000.0,28.174,57.23,2.61,0.4936287677503912
132100000.0,31.872,57.29,10.45,0.4820689662306794
132200000.0,28.4592,59.49,5.31,0.5616670958818746
132300000.0,32.330999999999996,56.23,6.88,0.3965717900912469
132400000.0,31.10860000000001,57.45,6.78,0.3994059593153199
132500000.0,32.9193,58.51,3.54,0.4976758589280208
132600000.0,32.6277,57.0,4.29,0.5207489009578883
132700000.0,33.330999999999996,57.97,3.41,0.5481708944093797
132800000.0,30.472800000000003,57.26,1.58,0.5375188345778698
132900000.0,33.0638,57.94,8.57,0.4957022698879313
133000000.0,33.5375,62.13,15.25,0.4119466653036943
133100000.0,34.4697,65.4,7.19,0.42617539260418175
133200000.0,35.8846,59.74,11.61,0.4953932617673298
133300000.0,31.629,56.1,5.94,0.5611622451261977
133400000.0,33.9069,60.76,3.34,0.42457025854745495
133500000.0,33.2421,59.3,8.36,0.423016189200882
133600000.0,33.677800000000005,94.41,10.28,0.3828905614626963
133700000.0,32.9633,62.09,4.41,0.4797233293427027
133800000.0,33.763000000000005,61.16,13.43,0.4746776064954574
133900000.0,36.2566,55.83,15.25,0.4990517818444099
134000000.0,32.6883,57.24,7.9,0.5066592175726177
134100000.0,32.888400000000004,57.56,13.71,0.3587752827233305
134200000.0,32.9719,56.03,9.51,0.3874515198111919
134300000.0,30.6197,57.51,1.38,0.420833745104298
134400000.0,28.2086,49.83,9.22,0.4066162576251164
134500000.0,30.3471,52.84,8.37,0.4787937349751022
134600000.0,29.3922,55.98,6.51,0.4312358792883929
134700000.0,28.3538,61.3,6.43,0.4121141286457189
134800000.0,29.1434,58.23,2.13,0.4181291864353386
134900000.0,29.0293,60.47,7.69,0.5417877358481611
135000000.0,27.4697,55.1,4.12,0.5083975794561932
135100000.0,29.7968,56.44,5.39,0.4069146497192952
135200000.0,29.5637,56.71,4.18,0.3931590928732639
135300000.0,31.0679,56.09,3.2,0.5631355725223867
135400000.0,30.6439,54.89,3.3,0.5633890270859623
135500000.0,31.1087,57.66,8.42,0.4474581932449358
135600000.0,31.9051,54.76,3.8,0.5364797417863749
135700000.0,31.1264,56.9,7.44,0.49572494689116997
135800000.0,32.4319,56.28,6.03,0.4943079944840117
135900000.0,30.0349,56.27,2.44,0.5532856866906172
136000000.0,33.1289,56.77,5.23,0.554777956409862
136100000.0,32.5168,55.43,6.52,0.5472508016418711
136200000.0,31.4606,58.77,6.72,0.4741706832036316
136300000.0,31.9582,56.91,9.47,0.5013795816609397
136400000.0,35.3788,58.08,2.58,0.6009961987769474
136500000.0,34.5807,58.64,2.7,0.4782716497709813
136600000.0,34.9466,58.76,11.73,0.5268040117613282
136700000.0,33.9394,58.42,8.63,0.5137361636152192
136800000.0,34.7529,58.49,2.77,0.35931139623494784
136900000.0,35.2857,59.19,12.48,0.4157752558814926
137000000.0,34.8977,55.95,9.03,0.38254145172383824
137100000.0,35.0952,59.69,7.16,0.3603441200965631
137200000.0,33.848800000000004,57.22,11.54,0.4808892976573623
137300000.0,30.7997,56.53,8.84,0.40753787988496254
137400000.0,30.9168,59.15,7.63,0.41153229959472426
137500000.0,32.63,56.19,4.98,0.3714226992217124
137600000.0,30.5345,55.22,3.48,0.3908683124168954
137700000.0,32.2608,57.58,5.83,0.4827616414270688
137800000.0,32.805,56.85,8.32,0.4817292313713034
137900000.0,28.6664,54.26,8.78,0.4090967448848655
138000000.0,29.8468,55.63,7.0,0.3989715584181357
138100000.0,28.7288,54.42,4.05,0.469910752583498
138200000.0,28.4299,56.54,4.61,0.550770363350138
138300000.0,31.26550000000001,57.39,3.25,0.5043899283401527
138400000.0,28.9061,59.15,3.22,0.472405168325351
138500000.0,30.1724,53.55,9.81,0.3789636082045108
138600000.0,32.7117,59.62,6.54,0.5057993210045552
138700000.0,29.9977,56.53,3.46,0.571115888754404
138800000.0,30.9814,56.48,12.01,0.5537828452624061
138900000.0,29.6815,58.23,10.59,0.4305042536537401
139000000.0,31.7179,57.49,12.6,0.3537997613328321
139100000.0,31.2362,54.7,4.14,0.4030562793630839
139200000.0,33.7133,58.21,11.29,0.4352630229589481
139300000.0,31.5827,56.72,11.72,0.6721184664977365
139400000.0,31.7783,57.43,13.72,0.4335962679719452
139500000.0,31.5371,57.94,3.46,0.4739950408929112
139600000.0,31.3405,57.07,2.0,0.41608210624083536
139700000.0,29.8316,56.88,3.87,0.5178539957204907
139800000.0,29.9779,56.06,1.83,0.3849798644499279
139900000.0,29.8635,53.62,5.73,0.4917569300976016
140000000.0,28.4377,52.43,6.86,0.4556011516905876
140100000.0,28.6415,56.24,10.26,0.5215959473886818
140200000.0,30.5644,56.24,9.62,0.3966828493778008
140300000.0,30.1881,56.32,8.11,0.5055031014097133
140400000.0,30.510900000000003,52.66,12.12,0.4729493445552171
140500000.0,33.020700000000005,55.99,10.75,0.6029009947249869
140600000.0,32.2988,55.37,17.16,0.30944212387243425
140700000.0,31.4201,55.45,6.67,0.4521732588171844
140800000.0,30.436,55.47,6.95,0.54109292245312
140900000.0,29.3238,55.45,9.4,0.5307433187391514
141000000.0,33.893,55.93,7.99,0.47440318855771707
141100000.0,30.5127,65.53,10.69,0.5389000074840732
141200000.0,32.9715,59.03,15.81,0.4860198105511712
141300000.0,31.9228,60.88,6.9,0.5148894981224058
141400000.0,28.5092,56.39,7.03,0.3753220700181124
141500000.0,30.224,55.3,11.13,0.3837980213145811
141600000.0,30.368,54.67,11.02,0.4416170415785103
141700000.0,29.2943,56.43,9.29,0.3596294041239802
141800000.0,29.1728,61.78,1.91,0.4803594825938576
141900000.0,30.0346,56.04,7.42,0.4409494894848688
142000000.0,28.9822,53.71,10.47,0.5098357185742746
142100000.0,29.3777,57.96,8.51,0.3873843750514554
142200000.0,29.2276,65.62,10.07,0.5408684880644212
142300000.0,29.0269,56.83,5.6,0.5329560403299624
142400000.0,30.2128,55.53,5.02,0.3792060862683265
142500000.0,28.5539,52.75,7.37,0.3523651832180558
142600000.0,30.0662,54.63,12.89,0.38527859747369214
142700000.0,29.0241,53.66,6.92,0.44057543984800535
142800000.0,28.7867,57.04,6.95,0.3944171672729433
142900000.0,29.2147,56.43,7.02,0.5089338982890236
143000000.0,29.642,60.79,6.24,0.5293678772599548
143100000.0,28.412,55.61,5.86,0.3850289610098173
143200000.0,29.4912,56.11,9.27,0.4923004308871812
143300000.0,29.5587,58.89,2.68,0.4910913211172716
143400000.0,28.96530000000001,61.11,8.67,0.5429066668692578
143500000.0,28.9213,60.12,5.51,0.3820272039052519
143600000.0,30.4431,59.88,5.66,0.5200745401997988
143700000.0,31.1794,56.72,10.43,0.4161020565529165
143800000.0,31.66,59.71,6.72,0.4737064496572372
143900000.0,30.1903,58.23,7.14,0.39966436523347626
144000000.0,32.4241,59.65,9.63,0.3750103552583219
144100000.0,31.6618,59.66,3.54,0.552635450958934
144200000.0,29.6989,55.12,6.45,0.4729465513638624
144300000.0,28.4274,55.8,3.05,0.5698920744117406
144400000.0,28.9357,55.87,11.02,0.31019848260936905
144500000.0,29.7475,54.78,9.6,0.42124455343651335
144600000.0,32.278600000000004,59.59,5.11,0.3528366982295512
144700000.0,28.8857,56.43,4.84,0.5120444648100541
144800000.0,28.9984,53.6,9.92,0.6346260246775108
144900000.0,27.2287,51.61,4.13,0.4110130223320064
145000000.0,28.224,54.5,5.1,0.5235465712450771
145100000.0,29.6894,61.57,4.75,0.5016639175374292
145200000.0,30.1365,60.65,5.49,0.44582156057546735
145300000.0,26.4279,54.14,7.02,0.5483099502418546
145400000.0,31.5409,56.57,4.73,0.4313973392217702
145500000.0,26.3224,55.07,5.97,0.475621846317163
145600000.0,25.8249,55.38,5.33,0.4592551788090232
145700000.0,25.2432,53.9,4.33,0.4651217553659262
145800000.0,25.0598,50.43,7.51,0.34038154637495416
145900000.0,26.6056,58.09,5.12,0.3835262443947088
146000000.0,29.6583,63.06,4.52,0.4040166659274633
146100000.0,27.9195,54.68,10.58,0.4664735634500163
146200000.0,29.4094,61.27,11.73,0.31659211707415125
146300000.0,29.7598,54.07,5.95,0.42116580687702776
146400000.0,31.0749,54.22,3.62,0.3360337580248417
146500000.0,29.6937,64.24,6.46,0.3883141335792327
146600000.0,30.6896,55.95,5.61,0.5013602561930981
146700000.0,32.5023,58.28,6.17,0.5824702542723652
146800000.0,31.5893,58.65,11.67,0.4984517710503454
146900000.0,35.0435,62.01,4.2,0.5401369020332819
147000000.0,35.217,73.51,5.15,0.5144408275345579
147100000.0,32.5427,57.77,9.37,0.4845424407523266
147200000.0,30.6677,57.77,5.68,0.5205609969189071
147300000.0,31.9413,57.99,11.8,0.3319939751681262
147400000.0,28.866,57.58,3.48,0.44552999471005456
147500000.0,31.482,57.83,9.91,0.4965767920327301
147600000.0,27.5615,58.5,3.62,0.3484848468693297
147700000.0,29.8437,57.22,7.0,0.3846976155560145
147800000.0,27.3636,54.35,5.65,0.5954533477027306
147900000.0,28.39,58.54,2.22,0.3931848567402684
148000000.0,28.374,56.4,6.92,0.3991441142283464
148100000.0,31.3543,57.62,4.04,0.5444990490420604
148200000.0,31.9602,59.45,3.52,0.5034910986834011
148300000.0,29.7038,54.9,4.39,0.5162020020883751
148400000.0,32.822199999999995,56.0,8.19,0.3273868009519493
148500000.0,33.0741,56.62,6.75,0.4443589962802079
148600000.0,28.7857,58.48,6.34,0.3374806655453501
148700000.0,29.2,57.81,4.7,0.39951515023598577
148800000.0,31.7373,55.07,7.97,0.4355902720234864
148900000.0,30.6227,52.27,6.82,0.4125044765803871
149000000.0,29.6391,58.11,4.97,0.541726468595985
149100000.0,28.4274,58.45,7.13,0.4874295720766931
149200000.0,28.8018,57.11,2.83,0.4121344188360499
149300000.0,31.5753,59.57,4.58,0.5037306023378338
149400000.0,32.6691,56.81,6.32,0.43922119132415416
149500000.0,31.7324,57.69,4.68,0.541343222150222
149600000.0,32.3686,57.79,7.17,0.4020232707530788
149700000.0,32.7237,59.15,5.8,0.3604248175972287
149800000.0,32.8815,55.59,9.85,0.5653444161308127
149900000.0,31.5082,56.67,11.61,0.34586337145527085
150000000.0,30.3152,58.53,9.18,0.5177210241372332
150100000.0,31.46380000000001,64.36,5.42,0.4076714258831105
150200000.0,31.5807,58.42,9.0,0.3707565321884238
150300000.0,28.5245,56.8,2.82,0.3717138588346972
150400000.0,29.8412,58.82,5.22,0.35910095652075474
150500000.0,29.9553,58.39,3.24,0.3760697202392541
150600000.0,29.6999,55.57,7.4,0.4666351806595109
150700000.0,30.3376,58.66,8.3,0.4651180347263265
150800000.0,31.3461,55.64,8.75,0.3678232962735798
150900000.0,32.304,56.19,7.06,0.5131086900696781
151000000.0,33.5306,57.29,14.32,0.430122775346897
151100000.0,30.6503,56.02,10.46,0.35724475849676296
151200000.0,32.1598,57.27,8.44,0.3450727557571962
151300000.0,33.3095,56.67,5.32,0.3495766951967207
151400000.0,31.87,58.31,6.89,0.3862562062595067
151500000.0,32.3755,57.1,13.25,0.5208387209564791
151600000.0,27.7429,52.39,6.28,0.32370167988475296
151700000.0,30.7512,57.53,4.11,0.4578386061041915
151800000.0,30.282,53.99,2.99,0.30792179070455755
151900000.0,29.2912,55.79,4.12,0.3747905579596164
152000000.0,31.8029,55.65,8.82,0.3416425247884612
152100000.0,28.9373,57.09,3.46,0.4168430359369784
152200000.0,29.5082,55.31,2.34,0.3755685552036437
152300000.0,28.1892,55.51,5.63,0.37228715545523305
152400000.0,27.6751,52.05,3.44,0.3953236414865881
152500000.0,29.1466,72.07,4.35,0.3179543421806384
152600000.0,30.5048,62.65,8.08,0.4838013797555272
152700000.0,29.855100000000004,56.83,3.59,0.33436996421164444
152800000.0,28.4252,55.03,9.51,0.3367556581475369
152900000.0,27.4193,56.42,5.43,0.5077658609312157
153000000.0,28.3813,56.55,11.47,0.374396778949849
153100000.0,28.2136,55.66,4.08,0.4361086089967992
153200000.0,31.2556,58.26,2.91,0.3996937177353552
153300000.0,27.4958,53.74,2.95,0.5087677183717594
153400000.0,28.0798,57.74,3.83,0.31147682343701266
153500000.0,29.9095,53.09,7.13,0.3391276390731869
153600000.0,30.1589,57.41,2.61,0.3173685301144163
153700000.0,31.3729,58.26,3.09,0.4188560535210479
153800000.0,28.8207,55.32,1.79,0.3712473692023556
153900000.0,30.9555,57.54,6.49,0.5311539336404575
154000000.0,29.5565,52.51,3.27,0.3664787704472764
154100000.0,31.42570000000001,55.82,5.35,0.39988738398538815
154200000.0,29.1732,55.96,4.42,0.3626238516865619
154300000.0,28.4269,61.19,1.88,0.3452531763704066
154400000.0,29.5656,53.3,8.21,0.3285417850469938
154500000.0,26.6759,52.46,2.59,0.3726138437876704
154600000.0,27.875,55.24,5.42,0.34356906076734023
154700000.0,27.09800000000001,58.18,2.74,0.4574235783651126
154800000.0,29.825,54.08,3.63,0.4146941166879535
154900000.0,30.7339,54.49,2.79,0.5776282737738694
155000000.0,32.1275,57.61,4.8,0.3471940650537527
155100000.0,32.4528,57.29,2.77,0.3793419307373578
155200000.0,31.9215,54.76,4.66,0.36594893326990396
155300000.0,31.6292,54.41,5.15,0.4371703055475936
155400000.0,30.6083,56.83,5.39,0.4325196006770537
155500000.0,32.3934,56.57,4.83,0.3740679104048396
155600000.0,31.3188,55.8,4.33,0.4886368431050093
155700000.0,32.9726,56.39,2.8,0.2644169015267392
155800000.0,31.1624,54.82,4.23,0.4323638345287033
155900000.0,29.8819,56.75,10.72,0.3562666204837301
156000000.0,29.7121,54.54,3.15,0.5356516481269762
156100000.0,28.6334,57.81,2.83,0.5125498669446162
156200000.0,28.9749,55.88,6.29,0.3487541922648725
156300000.0,27.910100000000003,56.34,5.2,0.3529223723815428
156400000.0,24.4717,58.23,3.71,0.5628997210029733
156500000.0,24.2875,52.47,5.0,0.34042920953956946
156600000.0,27.5746,57.95,6.01,0.2899606663489262
156700000.0,25.5267,57.36,2.73,0.3651597319796428
156800000.0,26.3219,58.61,3.34,0.33474599160168805
156900000.0,29.5224,55.61,3.66,0.5052617561708908
157000000.0,27.6902,55.86,3.09,0.4362909797932484
157100000.0,29.5923,56.77,3.66,0.4290738791791348
157200000.0,28.0943,55.56,9.4,0.4143201956002206
157300000.0,30.1285,56.44,1.32,0.4073528750298697
157400000.0,29.4813,58.65,5.22,0.42683052246833203
157500000.0,26.8847,53.66,3.43,0.4902510001308929
157600000.0,28.238000000000003,57.35,3.35,0.4907569618570439
157700000.0,28.8339,55.93,5.69,0.4934876447789517
157800000.0,28.18320000000001,59.84,4.02,0.3566473825730226
157900000.0,30.2312,57.14,7.65,0.3267888844229404
158000000.0,30.9845,57.08,1.98,0.3835748535667322
158100000.0,28.7891,58.75,2.62,0.32770774350319537
158200000.0,31.0371,67.89,12.15,0.4070208379410533
158300000.0,28.7842,52.22,8.02,0.6372794359435634
158400000.0,29.8238,55.27,1.56,0.3777376212612957
158500000.0,29.5156,53.92,9.05,0.35405377294004864
158600000.0,29.292600000000004,56.17,6.32,0.4677283295659509
158700000.0,28.2615,58.93,2.07,0.36382323405145656
158800000.0,28.729,55.63,6.55,0.5139531637657985
158900000.0,29.4767,57.49,3.3,0.33948120905043044
159000000.0,28.548,55.87,2.68,0.3352641343014612
159100000.0,29.3177,57.26,2.73,0.4909212128686855
159200000.0,28.7718,55.12,1.9,0.4770598280910315
159300000.0,28.9922,55.3,1.75,0.4854229826540221
159400000.0,27.9953,56.7,3.02,0.4818873292723153
159500000.0,31.9188,56.97,1.83,0.3526166563905157
159600000.0,30.1025,56.61,2.84,0.3916895460935574
159700000.0,29.2422,56.91,3.57,0.3351229010622259
159800000.0,30.3721,56.77,1.78,0.3424451937096873
159900000.0,29.5189,55.37,2.32,0.3481809150622533
160000000.0,29.362800000000004,56.64,9.81,0.5176172075413156
160100000.0,29.5606,55.91,8.5,0.4173816259094037
160200000.0,24.32360000000001,54.92,3.56,0.4374428822445468
160300000.0,26.7337,56.67,1.38,0.35582468633454195
160400000.0,27.282,57.25,6.53,0.3656044320591219
160500000.0,26.6862,52.9,4.11,0.339960452022504
160600000.0,26.8473,52.3,5.04,0.3608390653757577
160700000.0,28.5171,52.22,6.6,0.5455826634823738
160800000.0,24.6137,49.58,2.54,0.3766688134804268
160900000.0,25.756999999999998,53.55,2.67,0.33936196414199776
161000000.0,25.5063,53.32,8.2,0.517173614707774
161100000.0,27.646,52.52,2.37,0.2835405993090647
161200000.0,26.36780000000001,57.67,3.5,0.3635416621231808
161300000.0,26.8333,53.9,8.02,0.3148487675452598
161400000.0,28.8008,59.85,5.32,0.5250820431447834
161500000.0,26.4959,54.68,2.86,0.3305013044651283
161600000.0,29.3057,53.67,3.26,0.3015914783910701
161700000.0,29.566,53.31,5.3,0.4460323708766628
161800000.0,29.8316,59.63,4.11,0.3572762108788861
161900000.0,27.9234,55.13,2.74,0.4519132889218342
162000000.0,31.3822,55.38,5.74,0.3015704593789127
162100000.0,29.4265,56.15,3.66,0.3577516113816782
162200000.0,30.8933,60.19,2.7,0.6582085572837609
162300000.0,31.4048,67.18,2.96,0.3415300209830844
162400000.0,30.5363,56.01,2.64,0.3667204172540557
162500000.0,31.81900000000001,56.87,10.76,0.4608211227688149
162600000.0,29.304,53.3,5.99,0.3686778332014267
162700000.0,31.3889,55.23,5.43,0.3105927025437139
162800000.0,29.4142,55.26,6.22,0.3382765494951784
162900000.0,29.5489,57.83,5.06,0.3559872607444749
163000000.0,28.76550000000001,57.46,2.77,0.32613468413999863
163100000.0,28.6172,54.6,5.43,0.35406596620067204
163200000.0,31.2833,56.64,2.76,0.3138125852486238
163300000.0,30.9229,63.02,2.73,0.5973384717368991
163400000.0,33.3245,58.28,6.2,0.4044893732158637
163500000.0,30.0414,55.96,7.37,0.6045939694647521
163600000.0,28.8723,59.3,4.21,0.3744666869068932
163700000.0,27.8072,58.77,11.57,0.31862113550112303
163800000.0,32.935700000000004,56.62,6.82,0.29867595951051823
163900000.0,32.5881,59.73,4.47,0.3823206488333413
164000000.0,29.3014,56.42,5.46,0.4148406911019158
164100000.0,29.4396,53.13,6.2,0.3891137795057818
164200000.0,29.5402,63.73,5.57,0.386001936077122
164300000.0,29.4861,57.92,5.03,0.4747546505180057
164400000.0,29.4297,55.91,3.06,0.3233323427125789
164500000.0,31.1247,56.2,4.59,0.4402586921539227
164600000.0,28.8503,57.77,8.62,0.3699295802076214
164700000.0,28.5272,56.9,10.3,0.4878337183075526
164800000.0,27.9425,55.67,8.79,0.4852218669368374
164900000.0,27.4894,65.64,5.14,0.4130409176640773
165000000.0,26.0794,54.07,3.79,0.3371672482134043
165100000.0,28.3913,55.34,5.44,0.3634234779453482
165200000.0,29.9777,67.24,8.11,0.3138395153537104
165300000.0,28.5152,60.8,2.54,0.33269655172294943
165400000.0,28.7238,59.51,3.7,0.3310964023282628
165500000.0,28.0222,60.25,4.74,0.31543264863176945
165600000.0,29.8429,59.15,4.45,0.30911130200844666
165700000.0,31.4336,62.85,11.25,0.32647603683957466
165800000.0,30.8252,62.38,10.41,0.3134913895137963
165900000.0,29.1554,61.0,4.79,0.4646794410402073
166000000.0,29.2436,54.48,10.8,0.3732627745081927
166100000.0,28.6692,56.85,1.56,0.4037042573171207
166200000.0,32.0133,61.22,9.13,0.4140009184955589
166300000.0,28.8698,56.69,5.49,0.4831068619993588
166400000.0,30.6896,60.11,8.72,0.35654366568660434
166500000.0,30.7108,58.81,4.31,0.4475355127583565
166600000.0,28.3377,58.03,7.2,0.3534700642713174
166700000.0,30.6373,64.65,3.07,0.3542446118271592
166800000.0,30.5658,58.96,12.29,0.46908468893183003
166900000.0,29.4295,59.4,3.29,0.4257249160447651
167000000.0,31.6625,59.19,6.33,0.4689143692490201
167100000.0,31.9121,59.85,2.72,0.37352872508000345
167200000.0,32.8188,61.33,6.49,0.5434015655286142
167300000.0,31.4438,62.66,5.3,0.35500036047712563
167400000.0,28.917600000000004,58.37,5.5,0.2933239683921365
167500000.0,30.991799999999998,57.63,2.32,0.33233695416903597
